Квартал,Позиция,Сырьё ₽/кг,Переработка ₽/кг,Упаковка ₽/кг,Логистика ₽/кг,Полная с/с ₽/кг
1,"Филе охл., индейка",214,40.7,15,19.3,289
1,"Голень охл., индейка",163,31,11.4,14.7,220.1
1,Фарш индейка,148,28.1,10.4,13.3,199.8
1,"Крыло охл., индейка",171,32.5,12,15.4,230.9
2,"Филе охл., индейка",220,40.7,15,19.3,295
2,"Голень охл., индейка",167.6,31,11.4,14.7,224.7
2,Фарш индейка,152.1,28.1,10.4,13.3,203.9
2,"Крыло охл., индейка",175.8,32.5,12,15.4,235.7
3,"Филе охл., индейка",226,40.7,15,19.3,301
3,"Голень охл., индейка",172.1,31,11.4,14.7,229.2
3,Фарш индейка,156.3,28.1,10.4,13.3,208.1
3,"Крыло охл., индейка",180.6,32.5,12,15.4,240.5
4,"Филе охл., индейка",232,40.7,15,19.3,307
4,"Голень охл., индейка",176.7,31,11.4,14.7,233.8
4,Фарш индейка,189.4,28.1,10.4,13.3,241.2
4,"Крыло охл., индейка",300.3,32.5,12,15.4,360.2
